﻿<?xml version="1.0" encoding="UTF-8"?>
<prefab>
  <property name="CopyAirBlocks" value="True" />
  <property name="ExcludeDistantPOIMesh" value="False" />
  <property name="ExcludePOICulling" value="False" />
  <property name="DistantPOIYOffset" value="0" />
  <property name="AllowTopSoilDecorations" value="False" />
  <property name="DifficultyTier" value="0" />
  <property name="ShowQuestClearCount" value="1" />
  <property name="TraderArea" value="False" />
  <property name="PrefabSize" value="21, 15, 21" />
  <property name="RotationToFaceNorth" value="2" />
  <property name="YOffset" value="-6" />
  <property name="Zoning" value="none" />
  <property class="Stats">
    <property name="TotalVertices" value="124384" />
    <property name="TotalTriangles" value="86172" />
    <property class="BlockEntities">
      <property name="Vertices" value="1968" />
      <property name="Triangles" value="2080" />
    </property>
    <property class="ChunkMeshes0">
      <property name="Vertices" value="121240" />
      <property name="Triangles" value="81964" />
    </property>
    <property class="ChunkMeshes1">
      <property name="Vertices" value="0" />
      <property name="Triangles" value="0" />
    </property>
    <property class="ChunkMeshes2">
      <property name="Vertices" value="0" />
      <property name="Triangles" value="0" />
    </property>
    <property class="ChunkMeshes3">
      <property name="Vertices" value="0" />
      <property name="Triangles" value="0" />
    </property>
    <property class="ChunkMeshes4">
      <property name="Vertices" value="0" />
      <property name="Triangles" value="0" />
    </property>
    <property class="ChunkMeshes5">
      <property name="Vertices" value="1176" />
      <property name="Triangles" value="2128" />
    </property>
  </property>
  <property class="IndexedBlockOffsets">
    <property class="TraderOnOff">
      <property name="0" value="18, 11, 10" />
      <property name="1" value="10, 11, 18" />
    </property>
  </property>
</prefab>